Copy,Sampling,Waiting1,Transfer,Total_Learn,Learn,Total
0.112475,105.116431,5.020927,0.828249,133.681798,118.883015,4.391429
